"Name","Bytes","SHA256"
"DocsToGo.cod","14500","72FD0D78CE490A80CA38EB694389F41068281DF000153986F0BBA7BDF68535C8"
"DocsToGoCommon.cod","853156","A9DD58611FC1905C9FF0049B4497BD24F207AB29EF45A35959BCD6E2000035E0"
"DocsToGoCommonResource.cod","2336","CE4D6CEE5AFA96F0BFA6CAC8F763498DFCD00BAB49F5F52ACBFB931285A8D32F"
"DocsToGoCommonResource__en.cod","8816","92317A8768EA6A4F5DFC7569E0DE53E6E56BBFAC9711D27EFEBBD5B912E618F7"
"DocsToGoCommonResource__en_GB.cod","8824","7CF91A3B82125394CF3E20E4C937DED5483524DFFA775442639EA1CCD96877AD"
"DocsToGoCommonResource__vi.cod","9452","8B06737A2590449513C0A712B313CF87F615CDE0F323D7BD0817D350AB42D22F"
"net_rim_accessory_api.cod","19092","00FEAC50E52134BA398EBE0E48DEE58A282697AA33B6CA67083AC1190C663AE1"
"net_rim_amms.cod","16856","6A28CF2B1786C09171AE80291D52FE5970791D6FE9E1D298A25CF38A75D80847"
"net_rim_ams_enforcement.cod","16188","58F4884F758B0CDB8C1A14977B470E1F2B34895DB02F899B380A043D10CC3322"
"net_rim_api_wlan_hotspot.cod","6044","F2CAC472BD7BACF26452B8D8ABA571BFA64D01DFAA8D40813EAFAC4592C1172A"
"net_rim_app_manager.cod","2036","36E5F71666966E0A938D1FF1BB8715B6ED5CC590F0B313CC0E93A502CCFD9897"
"net_rim_app_manager_console.cod","10788","55822DD2F2FDB2C869BB659058B768A2302C4C07527212E93D252BF28E718B15"
"net_rim_application_daemon.cod","1604","27770F90C14E3D61DDED924989192F938CE904790B5A09441C339334481F1600"
"net_rim_barcodelib.cod","172230","BF6950600DA2B9468A593A7D5740F44E95FF850D749865097EF423CBA360B20B"
"net_rim_batterystretch.cod","1672","61DE6D73B600DBE76E4263B279ECAE580E99CF2E934C04671D147DEE15A82055"
"net_rim_bb_activation.cod","102966","7C501D8B3E78B07C83917DB2D70BEC6B7CB287858240BE599EABA7E89F5AF045"
"net_rim_bb_addressbook.cod","49600","6C0F8F78F3B3A663673E169742AFBE6F5B0B97D4CCCCF173CFEE69D13DF37E21"
"net_rim_bb_addressbook_app.cod","358762","162F277806795588EFF9E543D83EE4C189890DBEEF8084DB0EFADB3DBEDBD199"
"net_rim_bb_addressbook_gal.cod","38820","59ABD75910AD500348CF08EE08F9BA60C59FC8C2C3B707DB99D6703842BBD766"
"net_rim_bb_addressbook_models.cod","33780","02777A3A5F83C00DE8E085B78125255150D94AB6801A8D6041DBF36850A885A7"
"net_rim_bb_addressbook_ruimapp.cod","105426","F785DEB10DF05ED1544C32FFDE2D9BE7BDBFE19C618A9DC1E389FA405EC6D69D"
"net_rim_bb_addressbook_simapp.cod","107666","F294E0CB82D90DE5494934DA727E3A30CF51860A017D0C4A4A1718F2996DEC71"
"net_rim_bb_addressbook_usimapp.cod","155034","0389301A2D546A92ACF5AF77EE32F6C2F83932E48371DA61EE50F8BDBF774543"
"net_rim_bb_addressbook_vcard.cod","16268","534F83885D64C5FDB7936A4007D0C0D98045E9FE991032265F46B6EF234DF5F6"
"net_rim_bb_ams_enforcement_impl.cod","11248","8DE4D7F51DCAFE3405782C0618B7A7C28648303EFD1DCD714B057C7E8555D300"
"net_rim_bb_ams_enforcement_impl_resource_lib.cod","1576","905669E02AA3D46C0126C5890C92F59CE369A80B06817E6CBEB8C12DB645012D"
"net_rim_bb_ams_transport_impl.cod","54132","128C59E3066E074A8AB8242FB79B50956A019E44E880C8CCDE6EFB67D9F87A7D"
"net_rim_bb_application_monitor.cod","57352","164AB23E2E41D131013799B84D5FD3DC4AB30066915D9443C189AB2C56E83181"
"net_rim_bb_application_monitor_en.cod","3912","63D76D3DEF4AC1CE51C3A06C92882BCCD470FF7B5355BC849B23FC82CDFB2548"
"net_rim_bb_application_monitor_en_GB.cod","3920","5A4CEDEE787E8115179FCDC565F545660238FE2E14795BB18A743F347ABF4FE5"
"net_rim_bb_application_monitor_vi.cod","4392","088FBBB0A71AAB0186A6EFF9ABC6ADBC69A5319A08FBB1D642FC259617F96D3B"
"net_rim_bb_application_permissions_proxy.cod","3632","BC28B6A273FEAEFF6C88351540A7B82A9B686AA4F748E169B1C0AEC939DBE787"
"net_rim_bb_applicationdelivery.cod","19936","900DE164E055F986E3D6D8297F8CBC162AC1189602AAA42AEC0F2403D4338A65"
"net_rim_bb_appremoval.cod","4032","A20B6B6689131BC03312579A2D8BE33EA62E670C91F55267674F175434005CEA"
"net_rim_bb_appremoval_app.cod","11696","43CD108EB326752CD0FCEB32D7284F2A1884A3A8BDBE8444E41366F1506D0D57"
"net_rim_bb_apps_framework.cod","437474","DF947347F56F635D02D41224F2622D5631CE9C36C0DB71191455AFBA6FE60518"
"net_rim_bb_appworld.cod","7904","A36F718C0F7C7B0A2940E07EA5C4AF0FBA813445D309A5F6063F9D629BDB30AB"
"net_rim_bb_appworld_bbm_proxy.cod","9368","C2BDEA0F487DD75DBBF6177FC484C7AA2E2712C9629D52A1E24615ED89A31F7A"
"net_rim_bb_appworld_catalyst_proxy.cod","2904","7F69C16957876024563FE5AE3C2790F7E7F8AE86FB787789A3844B4009167C1B"
"net_rim_bb_appworld_eula.cod","19332","363C51F850E3A2DE39B69D1AE52736C4892D90416975E3515B30FACE7F8FD598"
"net_rim_bb_appworld_img_dither.cod","932194","CA913765DB43D79D2EB31F6341DB61DA6A9E8077F6ACCA675468088D51197A20"
"net_rim_bb_appworld_lib.cod","1376050","4574191D80371529A49F7DF4305AF58C506759ACCE2E49E176B158FEA1C8AA5C"
"net_rim_bb_appworld_resource_en.cod","17520","62FAE90E74A6C94E65807F9B9354808CA526B33713CBE4BF676079D4A0BFE667"
"net_rim_bb_appworld_resource_vi.cod","18596","A7CECB83B8ACC8D52B85DCF7ABB61B793D048D93EB16B5BC57B1BC1A42A80C34"
"net_rim_bb_appworld_updater.cod","3636","0F29614114F1F1FF208F7EFBABC3E2FC9FA3F63063B7FD78D1D4EDB92AD4CE27"
"net_rim_bb_appworld_usb.cod","25092","BEC1867B5FEBE60A1B230E2401CDADB5AF9A6534A9BB4117A8E1DB1ADED9DBA0"
"net_rim_bb_attachment.cod","5212","6848A027668EAED5366756813808A559894B66FEFA77AEC02922B13E3DA5B5FE"
"net_rim_bb_autolaunchhandler_app.cod","3940","604B764F271ED16188E1DCCCD52D2D5E96032B77199956233F20CD2236EF7B25"
"net_rim_bb_autostartselector.cod","6644","31880EA763EF6E695CAFD07E87020146FC40019DBA621B95EB0A83FF2784DC5A"
"net_rim_bb_banner.cod","18288","6C9438D109C65B1439CE7B43362E0FFAC4F594D0B0D47AEE40832F1C4161AB62"
"net_rim_bb_behaviors.cod","24516","F525BBC403CE82F4580BEF8A72A0E4983E56D50220988EBFB8173CE35154B59E"
"net_rim_bb_BluetoothFileTransfer.cod","27288","030EEA8A50FF54499FAF3424AD2DD9C1666D9A34F059315B2E586CB172EC8CAE"
"net_rim_bb_browser.cod","2208","44FEC19E630BDFF6A84B7E1A08B05B3E2E3B704EB81E97E35D6759D17238103D"
"net_rim_bb_browser_cookiejar.cod","8540","15F76682AD959BAB60533F62F700B2F68E4642CF2F0FE2E78FBD6A35BC75BD50"
"net_rim_bb_browser_daemon.cod","2900","BB9AF98303485D316E8793B8A3B4E7326C833EF4334BC974A5C3F278FF64029C"
"net_rim_bb_browser_field_api.cod","14148","1D56B59B6EBBE09ECC69E19AF9FF4129C48EC33BFC6F0EE6977DB9B5638F1E8A"
"net_rim_bb_browser_field2_api.cod","38556","09B0FDDE77899997696D63936729AA48B01FB908BE02E6E15797CB9B37FC3A39"
"net_rim_bb_browser_lib.cod","963956","0B7B2BED575582799927F99B77FF77FD155E8C2E5EB6CFA2AEBF186ACEF5576E"
"net_rim_bb_browser_olympia.cod","438574","BAB754314B2489DC2680AD7BDAB6C982A887DA94FBD0BC9D1B701252EF9EC979"
"net_rim_bb_browser_olympia_proxy.cod","2984","B6A6B59509A4729AA02D7EE03C75450C867C5C50A5AD7702C17FDFED99D1F0E6"
"net_rim_bb_browser_plugin_docview.cod","13544","559F136DF2BD2FA55ADBE3D808EB729B4D0E4E2381F5789BDDE458404A96E79B"
"net_rim_bb_browser_plugin_security.cod","6708","297B7B8469ADE1C1BF25E5F3FAFEC3BC605C8C666645AF2432EA10A3709EC326"
"net_rim_bb_browser_plugin_security_resource_lib.cod","1580","39E0172BA2EA48D0BE019A85EFD7534F3361DD07BB6F00019A8EA52D619D4370"
"net_rim_bb_browser_push.cod","35640","98F8CE31F5500C995D2467EACA5E64DA5F84DBD69D232FCD8D949EBCE83F9D22"
"net_rim_bb_browser_script_ext.cod","19960","F7CC5B1B0CA95294BE2D2F254ED5F36EEF1F18E5E0A623339697B583B67DF491"
"net_rim_bb_browser_securekey_api.cod","5688","CB8467248E4EDBDB743C842A96FB4DB25FD446F832FB38EB7AF3EEBD687C27DE"
"net_rim_bb_browser_wap_provisioning.cod","9224","246B3EB6D07AAB190DDFDF743A05929F4A4592700ABD1A84E792EF90E389A698"
"net_rim_bb_BTFileTransferApp.cod","1992","E29A60C4C9B4446B13F6CF9135BCA418B2D02D0D487FB7FCAD7B3D494283FB1A"
"net_rim_bb_calendar_app.cod","229382","70D56AB2F54439836275DE151D3A5445517FA850A97F96158C596D5B73B0338D"
"net_rim_bb_calendar_dynamic_icon.cod","5696","E01C2A0AE4E179815597B5F9D501BD8E4E4DDFBAA043F45AB65F62D3A8591AC5"
"net_rim_bb_calendar_lib.cod","202050","0CA00FAFBAB954A7FC5D96B45FD7084337ED11395F83935BA1685B6A3FCD2A3D"
"net_rim_bb_calendar_ota.cod","45204","9DE1B40D0AD63F52AEA7A22F8BE8989E9D71B7072B53EA0537DB222CE959994C"
"net_rim_bb_call_control.cod","1916","09F3DCAA74F923004EE1984A90A418CCA23DEBAE0CF856A2BE9056E6873C04A8"
"net_rim_bb_camera.cod","140306","1F9FCDA4A6D134E25C52CDA5C917A757D8B1D146DCEB47CF9278D0C078472BC4"
"net_rim_bb_caprofilesmanager.cod","51596","9AF51ECF344A393094CE804E3A74F8ECDB34FBF246F58527C0367FED09A94711"
"net_rim_bb_captiveportaldetector.cod","14508","A853AD65B5674C8D36F2FCFC2759C035C7CD05FDA7FE037348DB73F2F2F8AEDF"
"net_rim_bb_chat.cod","443356","9D68BDB7332F9FB1E80EEED76A8887E354C32527CBF5896A5CE27D32314A01F6"
"net_rim_bb_clock.cod","3796","6BDD8913A8FF793D642EA662144099DCAE05F03FD9EF47C9E75313D3275B622E"
"net_rim_bb_clock_faces_480.cod","351874","F9BED65E41575AA1479C2B301CD69BD6D2BD469AFD3380F4973D7B310EC8D08C"
"net_rim_bb_clock_lib.cod","328238","9A5B92597E355FB296F611BA2C38D329ED41D187AB4121B8C1C4E0AAE44BEA49"
"net_rim_bb_cmas.cod","2614142","001CA327AE23CB22CF6290FA301F3508A1228C08BBC9E3F356E4201395654971"
"net_rim_bb_compass.cod","57532","DE1CD0FEB1FEBA20AB6AD72A27A30FC20A74158C8647D0EBD4DC153D8609BB9B"
"net_rim_bb_compass_resource__en.cod","3072","5764BF8093DE8C5A1017694348D9794BDCEEC007B7569C6BBCC81EF292C07986"
"net_rim_bb_compass_resource__en_GB.cod","3092","ABCBDD42F9FBB1309337D5A3F2CEA9CABE2846C72D71C8D8C9ED18595E87A8E6"
"net_rim_bb_compass_resource__vi.cod","3292","8461558D278249C824BEE45021237A13ECB19A68923B3575C12C050EFDD433D9"
"net_rim_bb_compassOverlay.cod","24388","58D8FA8713C84732AC63FA0576C1C770203782A7B490BE8234118B9D1EEDC3D9"
"net_rim_bb_crypto_api.cod","26672","1EDADE8BAC02813895D8678D9E8FAF6ED75D40454B39323AA6A75013F5014C8F"
"net_rim_bb_crypto_api_resource_lib.cod","1612","3D630AE925E8C0072036767C74D06E46A33E1AEDA1FDDF47BABAF7E5B5BD6E14"
"net_rim_bb_crypto_resource.cod","2128","7F5ECE424BE109C228ECAF8900EC4B07C18C4C1D118B12AF7A3B2473F06B2277"
"net_rim_bb_crypto_resource__en.cod","9868","3A42C9BA6F2FCFFAD35FF152E5EEE076BB0B68AE155A37F87D61934C2F93EF84"
"net_rim_bb_crypto_resource__en_GB.cod","9924","78B8490A507B4421A11F5B885A932AB1B321408D191AC882AA34CFDF005F7107"
"net_rim_bb_crypto_resource__vi.cod","10880","3D62D8F84B1DAC55779CA2C22EDC72A128235CA97655DD2D8384460CD7509495"
"net_rim_bb_datatags.cod","83054","F09C71110093F79D71FE891088F2B71BBB26CD118B66F58205348511FE85208D"
"net_rim_bb_datatags_resource__en_GB.cod","2640","4677D3FA3875D441AA89E5CAE0E76EBEF4CA7530A0AD254DA5D375D8453A8A5B"
"net_rim_bb_datatags_resources.cod","2684","337D97F1E4F48DF9A744E9C305C91156B1F7DC8E7C7A7BEA9D76B9E0B2965476"
"net_rim_bb_default104DMtree.cod","46192","FD686E5BB0E0114C05E04BF824588DCC2C1632222C8EC04855F9A3B1BF2DC420"
"net_rim_bb_device_analyzer.cod","8428","AF1733301482B1497DD605C382416FE27BD01A041B9A770C2816FDB843032FC0"
"net_rim_bb_device_analyzer_en.cod","13640","24E13020FF49FFE64C855241A25722DAAFE9E04A278AA83C39E3BD41367B8D21"
"net_rim_bb_device_analyzer_en_GB.cod","13656","35C7A907F447A6BFDAE71D5633CB86823B82CF2487EA25D20E7DF53F1EF68089"
"net_rim_bb_device_analyzer_lib.cod","185690","5BBDBE55C2C23DBDA866E584E4DC0B33122CA3C2386FA5590A2C9ABD0C4A0A1D"
"net_rim_bb_device_analyzer_ui.cod","132400","5D85D541D026801E0646F2EC93101381B190AB93A66B842BBFEF1A3A30299ADA"
"net_rim_bb_device_analyzer_vi.cod","14556","FED8F0714F2F527AE8A13ACC0A885CCB1D697B5CF2CFAA93423F0C19157D6248"
"net_rim_bb_device_selftest.cod","353558","17F508FDCD591AC015226DF5F9662647ECE4BAE12C7CE75555620CCE307FE00D"
"net_rim_bb_deviceswitch_app.cod","71066","56F43611566B7F6089E6CAFAADDD45CA918089A40E940F62E6FD540CD28D7F43"
"net_rim_bb_diagnostic.cod","45188","88447D025D58DDEE10260191B56C0FE1CBEA65981B74004ACCEA5CE07DE85CDD"
"net_rim_bb_diagnostic_resource__en.cod","4000","F1DF942BFCBB76C5BF42B944B578CB5D01844A3D78E9023CEBDFDAE270AE7DD8"
"net_rim_bb_diagnostic_resource__vi.cod","3740","1E61D133A39706F3A5AA2CA07126F3B83AB5C83EC59BB2B306E2182204C500F7"
"net_rim_bb_diagnostic_subsystem.cod","10224","A7C1698D3B2984EAFD12B5C544D1608D417D58F5E064884BC14BA7D07895706B"
"net_rim_bb_diagnostics_ui.cod","21456","11B4CA69DD6740457D57E761C2E0A47F8B137170E9DDB6170EDAD1B1368F8000"
"net_rim_bb_dnslookup_app.cod","11708","3E66EDE502E4D43626D52E2D5DF467ECC7E48FE346545277CACFA98F6EE08DAC"
"net_rim_bb_docview.cod","585046","2EB4EA1EE0B834C2EA32C23F189C6EB56199979E2BDD1E21486298094A1CD07C"
"net_rim_bb_docviewimage.cod","31200","7DD3C5D694A49B48D24D4A5AC8A4638A64F7726EFC788F3BDC7A6D53D81962EF"
"net_rim_bb_drm_agent.cod","24868","1474BABE30C6C961F459C366A2A2282349864C8D8508261B8DB219BA5C0920A6"
"net_rim_bb_elt.cod","26580","3C8CE6622F6033644A9D48DC780DA9290AB1D2F43E95395256B9C1C7BA03B320"
"net_rim_bb_elt_resource__en.cod","2064","2A6079508F90558307D8AFE10D6DB7651E177E8CEB2FA25196EA86A37A945D48"
"net_rim_bb_elt_resource__en_GB.cod","2012","51A50C3DAEC669FC73FBA9913EC87337135BB1207B842761661662979AD5928C"
"net_rim_bb_elt_resource__vi.cod","2120","D5916ADEFA2FC38D492B48F6B4D647CA54366FC5DC9FA56D834712EEF71E04C2"
"net_rim_bb_email.cod","749522","6E85F16A20ABBA16A751301CE526B9DD15E639E8091FF5EE6A247C91FED602D1"
"net_rim_bb_email_compression.cod","15756","4C5017407F0FC0714446D27AF10772361501A75BC1543CC2B8747FE0EA328943"
"net_rim_bb_enterpriseconfig.cod","5440","E5D3FC48711C576B7315A94DD69F11507F7B4D9026CAF7D04B29D52F2F6E4B08"
"net_rim_bb_externalproxy.cod","2176","23F21D6FE26F82730287E2CA0AA17416BF3AA4ED26F198B6D997EB907E0F9AF2"
"net_rim_bb_file_explorer.cod","5060","B0DDF66AB6545ADC0C16717DF669F3E07B52E6AD06BCE413FB2B31EEF7A874C0"
"net_rim_bb_file_explorer_library.cod","823938","53706C0D0DA34B6F848949B3E82AA9F1080D5A899E9AF98734A8704AEF9FDD5C"
"net_rim_bb_fileindexservice.cod","113998","23E48FB77BA7172D1C202B4D4CB6408A4B6A1C6F5F2BCCE978C653E01FD45731"
"net_rim_bb_framework_api.cod","413506","08C0F434F95CA7FCAA8D99EB1A240464C8AF7E82F5B80B1FCB7031D3A4E6F843"
"net_rim_bb_free_busy_lib.cod","57568","3D4999B9AC83BD5965CE59FBC749548CA35F479321E4445BE21D0428ED1749AE"
"net_rim_bb_fumoPokeLib.cod","1920","EBA7CF9BD80ADC04B0AE474821C76E8150CC198B7732DA72556E29BC10E84964"
"net_rim_bb_games_app.cod","61932","119118743BF269B12288099443BDBB8896A853DCFC729C73E772CD587AD99A3A"
"net_rim_bb_geolocationagent.cod","137530","814B901644D448823B22C033F80F86FEB5EB57D5FC8EAF221DFFB1B91CC4370A"
"net_rim_bb_gps_ee.cod","25372","BA62D6E57EE078557A96FE55D10AEA6DD3618E06E085AC4EE6E114C99B9F6CA7"
"net_rim_bb_help.cod","43404","966F47E9D2DB5978A8EAAE6D2DE36073F216E31D4C9CA631687BECA4546E05E6"
"net_rim_bb_help_9900_series__en.cod","1501838","B30F673F935176C5DDF2C6BAD6F62CD5D0D1FD6ECA6DB02A3075140525D3D889"
"net_rim_bb_help_9900_series__en_GB.cod","1478952","0D09FC7A58CCEF3CF7C44138D5A79AD8097BB5295CD2E456A9519FB173661832"
"net_rim_bb_help_9900_series__vi.cod","1498482","E4592B5CA50F78C3085BBD6F76A5382BB6DE5FB1ABDFE1045104FC8E9F4B0497"
"net_rim_bb_implus_app.cod","29188","3EAC8327647CBE4DC7392C1E6B73C893E3988ECFEDCCAC2A23DEC8334FD7E1AC"
"net_rim_bb_itpolicyviewer.cod","10768","4F6AFBDD3C2F25A24FFAF5D780B02F5519CC53324CE65105DA2D6F886A28B175"
"net_rim_bb_jaddownloadapp.cod","4796","865CE5B2A732E98542C3733B05F035B783F438045AE4A58443EE86C21DE475DF"
"net_rim_bb_lbs_api_2.cod","9632","583CB870D4ADB3973C6B21C886C85AA5DE0B941388E93F6B902EB4417D2FC9B1"
"net_rim_bb_lbs_api_3.cod","26584","828AA2AE4EE7AAF2D22250F6A3B983B67957164F87415593020F8862EBD6D6DD"
"net_rim_bb_lbs_api_3_resources__en.cod","25656","8E4B510E04C7A9B6C293AA9EDEEE1468C4D69816C238FE1E1ACFF90EED8529B7"
"net_rim_bb_lbs_api_3_resources__en_GB.cod","2304","86668ACB81A63243AD27F6E75C0F428E545FDE2E9867511244F3EED2C6043EC9"
"net_rim_bb_lbs_api_3_resources__vi.cod","2396","5FF11940059BC3CD7AB9547EB47121E4FF7269D1C29B3AF510C06AFB0A63DB5A"
"net_rim_bb_ldap_browser.cod","27496","7D86E0C2DECFBF54DB4463F5C64155B80B5E377F8A69C2902CA201E0EE22FCA7"
"net_rim_bb_ldap_browser_pgp.cod","7764","82DCF087FBA36DC3E99EBEC23AF56A6D4CF2B5D59B0DFAEFBFC45C12CF26B47F"
"net_rim_bb_ldap_browser_resource_lib.cod","1560","8AAAE1C3F08D19D96BDC5C5D75B080DF23420C7B54ADEBD1D166E7C348A19903"
"net_rim_bb_ldap_browser_x509.cod","10556","4FD32D6F271FBE2AB51FE3A2B07A56662823A9517B238DB1106210B0A4CB1505"
"net_rim_bb_ldap_resource.cod","1688","E51E1444BFB0CDD3439CE5BF4D7E1EC2B74B7F1BA9D245117C5948D086B60E77"
"net_rim_bb_ldap_resource__en.cod","3156","9D0247C171989215AD792ABAAE00F0836C42BECE2AC4B390B046DE8B9CA2BD59"
"net_rim_bb_ldap_resource__vi.cod","3300","75EAAAB1BECF463111EAA83A9B8077CF37FEC7F80D6B102DF80CD5BFF9D65E4A"
"net_rim_bb_locselector.cod","88426","566B47EE2BAB64FD15541EE9AC7B2A3F487DFA5584DF21DC7DA47D9C47116738"
"net_rim_bb_locselector_resource__en.cod","59472","5F674B066FC747384E797FC8D7EA7EE64AA7A7EA2D2B507C4D7FFA8A184DD4B4"
"net_rim_bb_locselector_resource__en_GB.cod","3232","38376398640F2ED05B3D7EDF4249CA2726F0B494F91A02FD5A874CF5D3D3D731"
"net_rim_bb_magnetometercalibration_app.cod","4156","9620CB069F55B2950C45FC5339352678C10A620302B594956095DED0331F5C2D"
"net_rim_bb_manage_connections.cod","4304","43B71355AFFA2B8C368D80DB642160AD7E1E81DE68D489173A58E7C9857AC034"
"net_rim_bb_manage_connections_lib.cod","61060","AA0CC25153B5103BC93F7795BB2465E1A08022C35AEB5D0B46E3DD657310D87A"
"net_rim_bb_maps_api.cod","495446","90BDD2472A063D7EF183A927D45EFDD50D7FD526BC412B2052D8493C0070E279"
"net_rim_bb_maps_api_action_reporter.cod","3192","97663655BB22F714A35713A211A44A580FE221FEC9C274E2FE225DA739F4462A"
"net_rim_bb_maps_api_resource__en.cod","4512","D668128C2E79851769A892D2FF8A6CD5D7DA31262A2F33016D2E88485C96FC64"
"net_rim_bb_maps_api_resource__en_GB.cod","4548","09110316569A1BDA97E4A940CBE11A67007A76DC770962FBE9E20A3169AADE7F"
"net_rim_bb_maps_api_resource__vi.cod","4716","8EC3081D9BB855F102A3F2A8F209E0AAE51BF89E7D4B2533E1EEDD1904D2620D"
"net_rim_bb_mc_app.cod","12276","4536970AB08BC234F9DE5099C14A5EDC7451907FB34A20542C5EA3A70A1B86C3"
"net_rim_bb_mc_app_resource_lib.cod","1552","A9D0002B1B44D12441AEA7732A7495AE9EC5089AD74617DF08FD1D48C8C50CEA"
"net_rim_bb_media_framework_api.cod","249806","B597D07FD23739AE960ADA3A9B0C7DE8549F633801A9F59ED936D0CFEBBF4849"
"net_rim_bb_media_mediaserver.cod","1844","131C1089E7ED7A922CAE7652EC664658A9D9C26040025DDB894F9ADB15124D8D"
"net_rim_bb_media_mediaservercontrol.cod","66926","B8C1C7E9472B164123F85402E896B1FE58019F1FA400A091B9D148FDA7F607E8"
"net_rim_bb_media_mediaserverlibrary.cod","53040","41AFA7A912B6C6EF84F15BC4DB6C544007B68B3E4FA676120ED68798CC7393E4"
"net_rim_bb_media_plugin.cod","119258","346CA20619E61B328DFA986593A1B56E76EA0BDCE48395904E4C65A7C38B49F2"
"net_rim_bb_media_vfs.cod","48892","C4E66F7D0402A876608BF6487E15FA9F86F756A093329CD64F526F85069D10A8"
"net_rim_bb_mediaapp_launcher_app.cod","3892","564BD14F6FE116EB97D7BE796916F6A96A1C57D26578375F856AD6618A3C2713"
"net_rim_bb_mediacontenthandler.cod","14052","99F7EAAD9EF1AAC435DB2A0921213B742A2F1AA08DC7E5FFE2D876A097D0F525"
"net_rim_bb_medialibrary.cod","381152","216FDE83B0290BA2E59A6373CB17DE12A6559D77EFB5154DA73CF37A2899468C"
"net_rim_bb_medialibraryplayer.cod","12420","1A08396166DD68C6ACF755B7562CAB63E18F0C66A37278936E978665C7681F37"
"net_rim_bb_mediarecorder.cod","28516","168F89C08E890E01AE47989A7921905CB4FB7AF31567618553CB432FF8056C45"
"net_rim_bb_memo_app.cod","34044","E3F430240D48C6CD08761CFBBD0AD9E01BC05284000EEBA5D4A3170E030C6DF3"
"net_rim_bb_messagesearch_lib.cod","166098","733E886296091FE24886FCF1BC6558C4BD39C9266FD83A37D331AE4AB40162D1"
"net_rim_bb_messaging.cod","200746","06409A161D09D1CFADD7D2624320A867625C44692BA56ABC332B1B26A1C1FC99"
"net_rim_bb_messaging_app.cod","32068","19E05FCDDCA97E6FC3E070171E7B963F75C3F9B8E1D290E4E5D3E6557B8FFB3D"
"net_rim_bb_mms.cod","201250","2D2971FA9E1753846DBE030F16EB3166937652EEB31EBAA2AE1E181DDAE540CA"
"net_rim_bb_models.cod","47988","CCD14174D13592679CBE1ED8EC318D5735827F57E6C10D845F10FEC0F40C9A61"
"net_rim_bb_mtp.cod","148710","808DA0544D46F9FF36F95BD864183C4EF511E1020648B43CCD3F3DA74D69798A"
"net_rim_bb_omadmcertificate.cod","12356","688CD172F295FC56570112F6EAA858265E76DC64EE307E7E85310BF54B2B1BA4"
"net_rim_bb_omadmlib.cod","145230","41F8999BC81EE6F1D0AD1D70706D4DC72262D8CB51D1DE8E6E90255FA9EDBAC4"
"net_rim_bb_options.cod","11824","7EEABD4C39CAA9CA2206E391B0B37C43296FF99E2CFFE002977AF3593CA570A9"
"net_rim_bb_options_app.cod","531402","892B2DF3B8EE1E09D12F9FDF956726CD190F439B611897BB6D660B62602DD87F"
"net_rim_bb_otasl_app.cod","42920","D2A2E99FAFB28F26B1ED454C1CBBB2CD63EFD7395552E1F87A17536EA9CF335A"
"net_rim_bb_otasl_channel.cod","15764","73230256667383DAFA8679A4DEC7431DDDB6A46938B2C7F3D12FCCCBB86E5169"
"net_rim_bb_otaupgrade.cod","353944","981AB2AF4054B7EFFCA45D2575A1EE8C3825813F18AC7409B27F2A8563668A30"
"net_rim_bb_password_wizard.cod","4784","EE1266F40A1E5082D68353A08BD1388FB64FCE6BD242AED2FA58CE877D6AD3F7"
"net_rim_bb_passwordkeeper.cod","37976","03042FBE09312E1FD7C13ED19018A9C638F5E78AD55811BE68985E9738CE43B9"
"net_rim_bb_passwordkeeper_resource.cod","1736","B486DBAC086387E38B529960F13598484EBCC99AE91BFE7A2AC15C381B5FBFDA"
"net_rim_bb_passwordkeeper_resource__en.cod","2772","62218DAF1FA058EB44A7A2113FAF217EBFDC721B6EE7003778CCB71006577B7C"
"net_rim_bb_passwordkeeper_resource__vi.cod","2916","068D431295A0883E368DDA004A4EC422DDF05CDDE28A6FC891EAA01E0953D198"
"net_rim_bb_passwordkeeper_resource_lib.cod","1576","2979465EE47C8D31054758009DE73F9CEFEA1B6010AA8A22B59E33E7B18B38D2"
"net_rim_bb_payment_lib.cod","216622","1103532909BF735F7A7884A934ED4A4A4653FC828A26077838E6426E4A260AC1"
"net_rim_bb_pgp_lib.cod","94902","32EA6FCAD80CDF60C727B2BA7DCBDFA9B20ED156C636E3F1F1F30258ED2F9C43"
"net_rim_bb_pgp_resource_lib.cod","1548","EAA45650866EC47B0BC40F03706A959BD292F0F7DADAC7058F7FF027E6D9725B"
"net_rim_bb_phone_api.cod","495494","7811393B53B62E0686F00D58DF2F285732C1735B0E5BDB2C8A8C7F587E429E23"
"net_rim_bb_phone_app.cod","327930","89A56E9F186CCF7BF4D411EE37007B394AD3611C5F77ABA8B37DD5E005A83BB4"
"net_rim_bb_phone_dc_resources.cod","147044","E3C9F8BD993D742366560E33CD54AE2E913050B88D9CE35C8E174BCDBCFF0E78"
"net_rim_bb_phone_model.cod","107838","AD062515251203DAC97C0061000497A097E06796546822CC8173692EFF606834"
"net_rim_bb_phone_qchatptt_resources.cod","21600","DCC7C912190B3C97F9A14E34589522B52E145F24209D1CD2857FB503F7F2F9CF"
"net_rim_bb_phone_resource.cod","81610","154EEB8B5CB3E7ECA377BE71DA180BC5E981BEAAC7AA0FAF6B539B29FE184EC9"
"net_rim_bb_phone_verb_reg.cod","21420","8AE42C14F324123A8CE3E6EB6BB55DE3B49E4F7EEAE1E7690ACE1736A1A02288"
"net_rim_bb_phone_verb_reg_api.cod","1680","EC8AF397EC0267BED094EE74F006A82A48464A0B7B81EF23EB97C2AF1C5D2E1C"
"net_rim_bb_ping_app.cod","92802","47AA501746FCEB375F37DA946C2FB2B7A156D3418EC17F0B00907551E3331309"
"net_rim_bb_preloaded_media_crawler.cod","5284","359B163891759C05434B2C75BFA3669E20440DBAD6A2776F32170ADB3EF25D23"
"net_rim_bb_profiles_alertengine_app.cod","3516","543123D5289117B5D84D2DF9D2C73BE32D8EF0579D2C27796EBF21F9142054AE"
"net_rim_bb_profiles_app.cod","8228","AD28E3DBF0A0FB5438DCF6759C638D4E91EEB37C058C38AFAFEECDE937C877B2"
"net_rim_bb_profiles_app_new.cod","95962","A508FBDBBEAB33C6F9043F904CD5454079A96C015D8D4AE28E52EB7319FED176"
"net_rim_bb_profiles_lib.cod","60640","960F395A5C5D1EFE7A5BB8D986C145F59ABA161050EE022E86BC878B35C6097F"
"net_rim_bb_profiles_tunes.cod","162820","D2546633FA4ED3B34DD9E4829F49AB3B390A53CA9428963B79845B96347FEA0A"
"net_rim_bb_quickcontact.cod","26032","4F0362123F80D1698F7DBDC4A4962D39B83E0475812C8EA1FA49621A5B843488"
"net_rim_bb_recentcontacts.cod","4076","5AD3EC7AACBF6C036343EDC07B7D42FF747A47A93E243B6654DC0E299E194AA9"
"net_rim_bb_recentcontacts_lib.cod","36872","A98A734D7189AB2EF3470DEFF7690EA02D25FC9991711260DC8E746B1F9A3CA9"
"net_rim_bb_remindermanager.cod","5312","3552E8D25A5AE97F014A0A377470B2B7C1E13574123E5E2719A8024037900A7F"
"net_rim_bb_resource.cod","11048","B72CE2B026F7A374C83FBD68F6949B290529B9BAD822DAEEBB2CF077D6033F46"
"net_rim_bb_resource__en.cod","114414","E391814072D15896946BE4A0B9AC038B9247E8DD85130EA6C25A6F1650B33FAF"
"net_rim_bb_resource__en_GB.cod","114714","AAE2CA932FCAF7677747CEC505511BACE4AE444330569CE454D1D2F2B9E98EF4"
"net_rim_bb_resource__vi.cod","126380","1A180F8E9E4A37171940057992161F625B1C45A3CE03326FC9C5F807AAF6B8DF"
"net_rim_bb_resource_lib.cod","2496","630EC9E1158ABADBDFD1F355C900C0BDCADB628B710C5EDC4490FF591541260B"
"net_rim_bb_ribbon_app.cod","615440","FB1135BBEDAFD457E9D6FD42D35D7B2CA3A82740E50E56A88699E2BC578B8B79"
"net_rim_bb_ribbon_lib.cod","44712","7702E1F04F8334B1E81073CA3FF3103838EED60248C6571E1175216D611421EF"
"net_rim_bb_ribbon_skin_svg.cod","146986","6033C2A3C3978373D14026B87BE2C673D54103A54A1F1C54813127503BD58AB7"
"net_rim_bb_ribbon_skin_svg_DelayedInitializer.cod","2032","86E350E87F3A00EA58D9682E13C8ECD65BD76127AA1B0F8E841958B3CCAC17B2"
"net_rim_bb_rich_email.cod","53252","AAF7C54F894798AD957015EB2E7914DB72BA50133E54E08C7A431BCDDEB494BF"
"net_rim_bb_safe_mode.cod","4480","621A1BFF44818D8BBBB56A58FC8A4547DD0D7B7D192907584F02AEAFC4E75D05"
"net_rim_bb_sbinjector_lib.cod","615838","21E40D3AE5788A4F3F52096AD2EFC9893C14D5A0795017CB96FEA4A73F9DE5A4"
"net_rim_bb_search.cod","13600","C8ED9D6B672A11E731369DEC1A048171C8AEEA5F3604802255F05B21A68FC27E"
"net_rim_bb_securitymonitor.cod","7376","159363200A9DE7557C95ECC236154DE6B650319226F67D0E08F233C8B695427C"
"net_rim_bb_sendasemailapp.cod","2368","D1BA6B04F02159106DF01F00A891401A492F3B96CF01BAFFD38D11CD5B80CB5A"
"net_rim_bb_sendasmmsapp.cod","2896","CFC4F5626E567B08C6275BA4B147C1E6D40B2FCF1EEE820B8FF5CA568BF9151A"
"net_rim_bb_sendtomessengercontactapp.cod","2544","D3D207D2818BEA17CD921BBB74B960DE81A4DF3C13A5D064A7FCC41E84B45838"
"net_rim_bb_sendusingbluetoothapp.cod","2392","C7E15D74964E3DE9A3B4F6E6CE70E8DF24A39F2AD0A6970351958F8F30982A84"
"net_rim_bb_setupwizard.cod","1528","7BB532F16BC61AC0B9B14CD51A55AE1150DBDBB7C35654DB82B5B4D18C859020"
"net_rim_bb_sim.cod","19140","4995645C53B55D47935E96F19D6989426FA063F8177D05A26A216D40E1B7837A"
"net_rim_bb_simphonebook.cod","10688","6B2538F024EE68B4F5F5888AD72471305E7FCA89D95444136A46F6F6D9E4E787"
"net_rim_bb_sitesurvey.cod","17500","25102B9DB6D9328325B1360A7CBE4EFD69ECCC182412EA8F44C0712C1DA72923"
"net_rim_bb_smartcardreader_microSD.cod","5856","E50163FD47920DAE82478CA795CAD0B99F1FA127DE88E7370E15656406065F4E"
"net_rim_bb_smime_lib.cod","71846","119884DE7FB039B5DC1D33E10F9D69C6A4560875639FD6CE959E0234CF1C4871"
"net_rim_bb_smime_resource_lib.cod","1552","A5BE3FF3D24722F3D8042CBCDAAC2230E5D35D8C561907DB6599D4A3E9FADB21"
"net_rim_bb_sms.cod","252082","F2CDF89262B1C73E88FFFDDA0FD87B9B94202132AF2C50D1B735A48367C36AD1"
"net_rim_bb_sms_compose.cod","10004","19E2D86A5E0519E19F4A24890EBE965CFD5B8A709F71C56B4BA0BF1C14FFBEFD"
"net_rim_bb_spellcheck.cod","5188","73D9C4FD4C8C2357A4FD4D25A45475836138A62F1DCB782E93018FE297295324"
"net_rim_bb_standardcalculator_app.cod","36760","B43ABDDF683F28EC4C839471648E8347897F094920599DA1A1CAF9984568B083"
"net_rim_bb_supl_app.cod","66380","92CF4D2CFC1BDD9DD3D2B02EB35DE8D799DE1CEFF53BEFD23B15F1C2D117364D"
"net_rim_bb_syncml_omadm.cod","16204","6167324092E3DD971E5C156B5AD1A02690A54CCCF3589B87020343E84C5BE20F"
"net_rim_bb_syncml_stack.cod","60272","BE90C2FFBBA749570E651754E301654DFF00D56D279C9F8C53E6C36AF452F293"
"net_rim_bb_task_app.cod","58304","9A1FD48AB310D06BCE7FA8C637D310D9214F2A1AC6D00EAAEC0F001998BC4EA5"
"net_rim_bb_thumbnailservice.cod","3696","BFCDF8671E526EE48FD12F74C5E34514F96C136917269E3BF546DD7E207E8B52"
"net_rim_bb_timeanddate.cod","38936","AF0717CC4EEF4CE19841F3185C9FD6ECAEEF12666ADE52E2056A262F4F21ECEE"
"net_rim_bb_timeddialog.cod","27124","DCAF380C1D46ACC4E698818B02D0BE16EBD3997436D0036DC604C19F0B7F6558"
"net_rim_bb_timeddialogapp.cod","2336","060EC810A5F5B00C8E2F8785CC460D7FF5CDB34E2B9089ABBF75F351BE1D77D6"
"net_rim_bb_timeddialogwakeupapp.cod","2088","78B892CAF8F7D41110A8F886B96DF58124E93C8DC17824975DA1F35CF9400805"
"net_rim_bb_timezonedynupdater.cod","12624","7BBE5B089CA856918E15FCEFBE5C621562ECD7439FEEA1A6A4ADAF6D418F27C6"
"net_rim_bb_timezones.cod","6452","2E9A38A103780A3E909237D321B87DD13DA465E5037B3B33CFCC19B71FF26508"
"net_rim_bb_toolkit.cod","257738","AF9BF7BAE2664A640515346AE8B0BD2297EFE9CE891A63F9030584C3F3546649"
"net_rim_bb_toolkit_api.cod","36928","C0E5EF7881E0308C27B127A9512E0A1B7EC540CA0A3C1660A8232945AB27389D"
"net_rim_bb_travel_api.cod","21084","1FC9F837B26A1C1EE503F11C37D8D62F018EEBC2F5F46FA8BA9D72C497FAB987"
"net_rim_bb_trust_application_manager.cod","4360","1B878958AA1D0CEB91ECD056C81846C90F779832A21AFC5F26019B0A902828C7"
"net_rim_bb_unifiedcommons_lib.cod","41088","AAE0473BB408919463977F0B3904CDBAC2217275BCD89B498B09060DFF8CFA7F"
"net_rim_bb_unifiedsearch_lib.cod","645178","C5C6EFDCD0650ED121C1CE9E0E6F9615D200BF8C7A6B1D2C4194D41D00C9C3A3"
"net_rim_bb_universalsearch_app.cod","172542","2B238C1AC0C3333734D5C96C75C2845542DA697C986A7990572883D1AA95CF09"
"net_rim_bb_universalsearch_lib.cod","8736","34A910A76B8D6F8A0E7ED5511C671C149FC068E689E9ACBC00A72991AC7EB64D"
"net_rim_bb_ustack.cod","115430","202298695D7A8DB3607762C8F8321000BB4CC404378B7D318540093A0E643B4E"
"net_rim_bb_ustack_app.cod","1820","180260B924E7894BC405FA15554A66EF924F739DDA47C81CC069CDAEC255A820"
"net_rim_bb_videorecorder.cod","2024","99078702E5A9B77185A89E5519DDE61592D07513406130F5F31E7AECE703D230"
"net_rim_bb_videorecorderlibrary.cod","112858","3FABE3F09D388F434E96A2A7A53C3D4FE9A21FDE82B95FE250DF7D68787C9D1D"
"net_rim_bb_virtual_keyboard_framework.cod","355584","8A9A7D2A267C9350EC6333167741B5DD8DADD7CBA1BC42424066CF5978F2106F"
"net_rim_bb_virtual_keyboard_layout480x640.cod","248216","FC47B9A76B99C60997736C666B2E46953BAFFB27827C515C0AE29972DB4C2C4F"
"net_rim_bb_virtual_keyboard_loader.cod","4120","065345C1A1609CDBDAD270BE3336082099800CDF2C52C70E89C465630FA6B9FC"
"net_rim_bb_voice.cod","25176","73A497B3C3CCC60534BE89559A1F3A39ED12B3FB76CE5529898277CC09E6690E"
"net_rim_bb_voice_api.cod","336770","0DA7E3DF7307507A9C5041E7300506B28DBEEF81D87E8C51660258C2FDAA22D7"
"net_rim_bb_voicenotesrecorder.cod","27484","62E5CCECCA2D3D19F1E821795C957850EF6ABE4297B257243C50D480369E8F6B"
"net_rim_bb_web_jse_api.cod","132562","199B60E4F6824F8799C628881E6A78DEB65DED5EE57F7062958858ADF2D754C6"
"net_rim_bbapi_blackberrymessenger.cod","3536","2BC649BDEFEACB6D6D11A24D0A9F646ACD293527234A2B301A3EBD7E7CAA32B7"
"net_rim_bbapi_browser.cod","5344","AEF2BBE47696A011E8E0C5DDCA2D8F11799FF8227F711ACB76A5E550A9D50D11"
"net_rim_bbapi_contactlinking.cod","24856","435FDBF9F0713F2A196B3A209D59C4BF2D6ECCE54CD36E8B042EB8231612CCE5"
"net_rim_bbapi_datatags.cod","23604","E409CE9C407DCF357AD5393361546E147078E03EC3353525F5B0A5CEBA81C1D3"
"net_rim_bbapi_invoke.cod","17216","A6656CEA6198D9BE158C146E521D32151D53F08E2FB667BDE436D4F633A6A09B"
"net_rim_bbapi_mail.cod","1912","19B1E2985AD9FE537C15928C06F375DD747351EC2A6B9C9D00A7E048B552D545"
"net_rim_bbapi_mailv2.cod","66690","6B5937EA7D0A283636D0542242EA5FCB798CA5215596D73BDB3845ADF0B9EB2D"
"net_rim_bbapi_maps.cod","2280","0A1BA239747B12C35F4C0DF6F0925FDCA5184644351DC7C440D8120512831AAC"
"net_rim_bbapi_menuitem.cod","12432","18E1C07B74EF31D5D1DEDD7113A1F0C59FB55EDC130142F660FB71BDD1BAD11B"
"net_rim_bbapi_messagelist.cod","36456","66BA285643F132CB6EB5D81BAC656D799C0ED79A5679565C17F28CE7D5FB42D3"
"net_rim_bbapi_messagelist_res.cod","1712","8D4BC1C3C43F33494C7BECA83E224F4483844C481528CB277FA061567E117C20"
"net_rim_bbapi_messagelist_res__en.cod","1780","9C47ED46727EDF4618745FB6C4D2A891D1624B1B098A9155C68E17D4E45F3257"
"net_rim_bbapi_messagelist_res__vi.cod","1788","E9B4FD82BF048C4E08A4C5B2FC8A9A2B0ACA5DE4143B53527B8259AA52D83DF4"
"net_rim_bbapi_messagelist_resources.cod","1508","BD2E54B914D53EEAC87AA534C035A2200B1AB3A840B682A4D989C4C1FE5F2B7E"
"net_rim_bbapi_options.cod","24204","7A8F5E6BA95C3A381123F8D2D329F30F2CE778AA2BBAB004404D80DE29524E83"
"net_rim_bbapi_phone.cod","32964","DDC5B5A5FC54C2B4F46244D325D1A6A680D5F897F68A925701D086CAB3E9F160"
"net_rim_bbapi_pim.cod","73236","043B8449DDBB2BF28714A434A04A1D34DC010BAEF5FB95A8C2DA263E3D52207C"
"net_rim_bbapi_pim_res.cod","1672","116297F55E6374EF6E10941171ED79898C2448B2D1F4CE1F40C99066E377E62C"
"net_rim_bbapi_pim_res__en.cod","2776","869EB67210B1E9CFB55162CC939407E48BDE13BFD19F351817A0E5F6EA41875F"
"net_rim_bbapi_pim_res__vi.cod","3020","13F92D92F9EF07D647CE7FE8D10DA4FBC64CD516FAB8FB0B9AF40F9747CDAC6F"
"net_rim_bbapi_pim_resources.cod","1496","F34C62384C06D04A504BE20295099B3301063D4F54F7820EF32B4DDBE17DDAD2"
"net_rim_bbapi_profiles.cod","10548","E67E86C8124EF566340734B092BCB9E0DA48617735D588CF030A02560098C2D2"
"net_rim_bbapi_push.cod","43272","72695DD8B09149B8B51139E85226FFDDFF6A757FCC028A7A6CA0E7F96DFDB7DC"
"net_rim_bbapi_sendmenu.cod","15268","FABE87EE37EC9132D0D569AFE7C366006904EBC333CAED861619EB815689AF93"
"net_rim_bbapi_sharing.cod","17192","C46AACC3D792D820860CC27727F56CAA4AB150CE8D2A6BD39028C6563DC79F98"
"net_rim_bbapi_stringpattern.cod","9084","30D554103F54EE27890C64CDA324ED196CECED3B8AD77CD14463A596BECD68CE"
"net_rim_bbapi_ui_sharing.cod","14160","2B5011A1CCEE1A746CC961CEEEF80E9E334491160F512905123B97B0DC665981"
"net_rim_bbapi_unifiedsearch.cod","78106","6E87BB6BCB2816A25A7CD27152FB8306A657EC1A4CD1EEA23F97A29D50544F27"
"net_rim_bbid_api.cod","11044","69B67C05B79C13FCA5A1CFD1F548E2DFC4A5AF17CD921FAE74AAC010A8F4B0DE"
"net_rim_bbid_common.cod","13192","B3DA9EDFD366FE6B3988E8A833F0F5BE539DE76FD1A9398F708F27E1B9263CE5"
"net_rim_bbid_daemon.cod","999830","D5FFB84C35E1628A5FE3A8C0FA499256FBBFA97B5A56CE711A497BBF284C2B87"
"net_rim_behavior_api.cod","32304","29E6F287F47DA3F6AA4F1B8C46582DE968ED4975760FBAEA99E91DDCDCA29C46"
"net_rim_bis_bg_client.cod","4192","89AE30306FB8E87955431BC9E079539E866A460C4FF83D9AF752C04B4F86177F"
"net_rim_bis_client.cod","19644","A9E72A2E99FD7CE75EF00C3EEFAF918823B39DF79E8F71B08B9F20EE8A87A6A0"
"net_rim_bis_client__en.cod","265114","B3ACFCBFDD28E0CA6207BC7EA5B7FB78C822CC8021FBFBC78498D2CD8BA78419"
"net_rim_bis_client__en_GB.cod","155776","1B0DF340B4155E4220C70A5220499079D7E8DE055E8F671C85BB853D190B2B82"
"net_rim_bis_client__vi.cod","164770","81316FCBFBB7558464655B702567CCC4EC5EED68B73106AA282B330CB9948D55"
"net_rim_bis_client_bbid_lib.cod","7968","EDD55DFA69CB7D9ACEFA0171D63BEAE1165BE5A2B5C05BB5C11F22F2CF9263E0"
"net_rim_bis_client_bridge.cod","1636","D92FD3CF2F484C96B0591D256B19E63805DC2CC29F7A32F736D16F25007DC877"
"net_rim_bis_client_lib.cod","471590","90FB82C6F85221F603B675CF1589E919AECD694BD6F3EEF89F8ECD55DAEC095B"
"net_rim_bis_client_res.cod","1128","E3AA8CE22922E9950E6303E0026281D208359969A2A689731D90178FB607A128"
"net_rim_bis_client_resources.cod","1248","9F9394AB261510C0CF7234E2E3BAFA5C78CAE2C27D5C5DBB6712F5BBEC694397"
"net_rim_bis_Daemon.cod","51516","8B868D616BB8D359F7C00B0C34641B6671C55A31B0BC125DCB6BA57F55647C03"
"net_rim_bis_lib.cod","14808","B65F7742349CB38DAF78597F74AB04EB7AD2CB98FFE108642B7E57B22CD19D96"
"net_rim_bluetooth.cod","322802","23E3ECE4236D4A16ACA4D20404B2D7E8426C84C1BEAB4ACC5775E1A62335A28F"
"net_rim_bMessage.cod","33848","29212BAA93BFB4F23ED5913332CDDF26058C80AFBDF50D487F626E4306EF1DC6"
"net_rim_bt_map.cod","84494","264DAFBF7B5339326622E376738C7DE0236185C21677B68DE3345297352960D2"
"net_rim_cellbroadcast.cod","21592","960F2F4E340A99A9EC7E2A99C2E5832991A6AC30A9A812FA94D5CBD42148A19E"
"net_rim_cldc.cod","3039134","658250DF66B10EF452D0D5C2D4A661FAE26D49DCB61477B9C4DC7C4EC5942F71"
"net_rim_cldc_impl_api.cod","28320","9FBC16714E90E4D424CAF491BD4170BCF2EACD02F4FEF1EF5286D84355431B1B"
"net_rim_cldc_impl_mhs.cod","45736","B242C866D6C54DDA2D987A7B5C8B1A51D83A508A8D5377ADDD3A962CFC7B20C8"
"net_rim_cldc_impl_softtoken.cod","14444","BD0A1103D45EAD1B2207243F3F3616C28D34295B968EB0A3C8AAF5222A1C55B1"
"net_rim_cldc_impl_vpn.cod","44044","D3ED185A0856366E2B32246AE0B516C628C990576E90E668272E87CCDED825F7"
"net_rim_cldc_impl_wlan.cod","201882","6C3D69F646CB801AE7CB098BD094072B3B9CACB2D7DB52AE1FEB76E8ABB90611"
"net_rim_cldc_io_remotefile.cod","40652","C08B2B2CFBD41D7935ECC60BF5BF38C1DE9DEEFDE2839E3D3CF2FACDE66D9D01"
"net_rim_cldc_io_rim_impl.cod","261734","FCCF448B5568B0E84D854137785FFF84A96CE8FFD0E25E874E2395561CA4A8E1"
"net_rim_cldc_srp_diagnostics.cod","2404","8D404CFD54FF63EED77CC2A6BA0FA2C537F0EADBF1C9443096DF73252B05182C"
"net_rim_cldc_vpn_diagnostics.cod","2560","BD1AEDB988D36FB2C1F9A6D7F324CFE06DCFAE0F7A5C633ED248DA341FDB8993"
"net_rim_cldc_wlan_diagnostics.cod","2836","03C445080F20FD930DA4A8A174AB3DD39F14438435E8931FC3C2D04795FC5F57"
"net_rim_communicationapi.cod","61812","CDA0EA1BBB6123D770457A1055C42D58272F2F50B4936208886C6DE64DA71701"
"net_rim_config_channel_impl.cod","17596","1CC0CE935DA7A4E96F4F956D6D2FEF9E7C065E87D38AC874C3FDA7F49C6CF4D3"
"net_rim_contentsharing_api.cod","18768","6A101DB75BC6153B62F1438B66FF38A706C305DA720D402174274DC1E4B78F0D"
"net_rim_convenience_key_api.cod","4388","20A0EDB7A420492DFD70F9A5651CAA190ACF8604F58BABC472973F3CFF411731"
"net_rim_cradle_api.cod","2092","638BD0FC2C33EC6499D6A709EE3CC9EE5851A94FB8D528E690D99340E4A5F7C8"
"net_rim_crypto.cod","898322","0430AE20480B01F7B78E0A17DA34AC049A8F072DE83BE0222DD281F40D9EE9D4"
"net_rim_crypto_cms.cod","61804","1B4446C71C6BB82A698BA45E2A65BCA38938EAF71F81BAC71A1D0EE36361DFFC"
"net_rim_crypto_keystore_browser.cod","73894","B30151A32641464817060967E89E268EA20CA95D50D47F9593510E48C6DE71DB"
"net_rim_crypto_keystore_browser_certificate.cod","7968","E27FA90B7A9DE964E528F5A4702BE0C3DDD48D22D97A55423C90DB5F57E9194C"
"net_rim_crypto_keystore_browser_pgp.cod","7444","CDCD0BD0AD478AEE7AD45280B3AAA85400A5718BDF3DCDCC0A9354F443221B8E"
"net_rim_crypto_keystore_browser_resource_lib.cod","1572","97F2AA28B5670CE7BBAE1EBF64B7E85C212337D3A00644F97F777C85A85F45A6"
"net_rim_crypto_pgp.cod","94198","CE37D435A8C68816A380718DBA818C125DCB54E0940470333B3E18B71C5FFAFE"
"net_rim_crypto_pgp_resource_lib.cod","1540","149A03C7B8B08BE1D3D5BAD1D77C8CF9DFC15A7757ED70D397C3B3BEE0165365"
"net_rim_crypto_resource.cod","2528","0BB5C1F7F31FE0C26F0D9C9D925100B371D66420A44339DFD4CA4A7473426D7F"
"net_rim_crypto_resource__en.cod","11052","555F13637B7F3316F743DEAF9C09C1649050FD73E1212FE011AE4E6817B9B2BD"
"net_rim_crypto_resource__en_GB.cod","11132","95D6CC44CF30FFB4410571B3EE41C58D7359130EF8E3804FE0CAB9AD4C02FE7E"
"net_rim_crypto_resource__vi.cod","12052","967A6C25170E07DC72D89246B62DDE6299AC8B2EF29B85ACEE6B1F508A6B9A85"
"net_rim_crypto_resource_lib.cod","1808","376F2012D6FBA626EC7B924611E8DE404B0FED87897D09196EBC7B796A314ED1"
"net_rim_data_provider.cod","28848","A80856820EBC4E934299258848A89B31DA572FD91F7E6AAFE7068F42E70BBF2F"
"net_rim_data_provider_resources__en.cod","44216","CCCC09F1028ABEC53730D198B2A12221C5E7121EDE72F105EFC2AD4C1A407D38"
"net_rim_data_provider_resources__en_GB.cod","3088","8F0BBC7AC16E36AAA83405E321E24A30FF37692B646E9FD4240E5F9D752B30F9"
"net_rim_data_provider_resources__vi.cod","3368","D2CFCC255A57DE903EDB6A0D467CBF4E6F0A6499782AB4FE41252E72129688BC"
"net_rim_database.cod","36900","63598A82E015BFC114FD2DE7686A7BF5B8FA73CB0EB079D9E5961C1C61819C68"
"net_rim_device_api_games.cod","107146","FAABDE66CCBF7C74AE9BE4764307660E45BB12C7FFCBB4E0FE46CA7524C5FA23"
"net_rim_device_switch_service_api.cod","6120","749A13C82381482C980687278B9582C364456E3D00108120CF282506684285A6"
"net_rim_device_switch_service_impl.cod","44648","68380370205F1B0D5D33C63765C9F69EDF70EC9A7C562E4EA9412DF6FCC4C5A8"
"net_rim_drm.cod","32312","450D3C3D12F23356E9C1D5F66F8F202D2FACA8116BE8687E2B688559E51EF41E"
"net_rim_escreen.cod","52948","E234ECAAA018143341F0F21E7E9B0C4995C7EF37B7C1B7C801DF2655DB99E7DB"
"net_rim_escreen_app.cod","10568","1BFDDC290903C4DE4A8C5E41A91A0782EAF70C2DE127B8807D796612A91BA71B"
"net_rim_event_log_viewer_app.cod","14652","CEB4086E7215DD514B9B41EA92AF1D37621A7773560CA4AA1554F06856419CF9"
"net_rim_font_arial.cod","2922370","E14D07FD5DBF4EB1608D2A78133715D69DB2F83166CD72B7820E2A777ECCB82E"
"net_rim_font_courier.cod","2692528","DC015BBB44009CDD19CA66150BDEE09061D13A003F6BA3CF9647AC118FE01E05"
"net_rim_font_european_sff.cod","106526","BCD7C34BC1E6FB1A25583F6F22C831CBD14955AD96160ABB31D4E05E87CA0747"
"net_rim_font_georgia.cod","672290","535139AB964F705D847938A4B8BA15D53C604250730D2BB3697740B02FE9EBF3"
"net_rim_font_latin_truetype.cod","3030330","58E920E3BE513976F1E155CACF6F0DE2203B460772AAC1898F9DE19F7616A533"
"net_rim_font_misc.cod","877234","721A062E6FC1F7A9D0236DC7AEB4883F55186A9DC3BEF651AFFCF0411AB1C594"
"net_rim_font_tahoma.cod","1400126","60BA9731FFCC996562CB8C652D82A20A60CB83F059DB530E95FF3EBB023BEA3A"
"net_rim_font_times.cod","3105900","BAC02082F27799137597C441CF5DBE6E69D47981AE13FC397C220794362DA876"
"net_rim_font_trebuchet.cod","556890","1BA285B923F2AB9C237BF7F60043F3600C4A311D70CFD27ADF65848F04729BCC"
"net_rim_font_verdana.cod","739518","65C152BBB1D3FD0A060B57171EBEFBBD1148504F90673B939339F11D0FAFA7EE"
"net_rim_gemalto_acf.cod","36340","321A7A4A4B45F8B2430E42F5A0541B3369786053524FCEE2B728D4ABF0930142"
"net_rim_io_impl.cod","38512","899A4FDBEFB9B0168FE1191659AAB919888D27B235252F59F60A6A72389364CB"
"net_rim_jaxrpc.cod","23800","CFC2246AB6FC7502F90C467E28001545F4FBE3524D19A431241A410363F47933"
"net_rim_json_org.cod","14412","1EE129796867D29F990E41924687805B49123E91C6BC29916FC59265284B54BF"
"net_rim_loader.cod","229598","C647146AEF606D073D722FBCBABFAF2005375CB839E7EFB6E0BFF50B1FC0FCCA"
"net_rim_locationapi.cod","68320","7F34980238CB0EB35909415E5BC8A05A15C02135A262E14333D03069522CA78E"
"net_rim_m2g.cod","298674","B2C9AE8B94401D08394C2CCE94A573FA7DC13BA1B202A45DE1D1885EA1215777"
"net_rim_media.cod","195172","619D7C0E4EFDBB4DF35C1DE3121D617746D17A94CF3E26DFAEF753D4339FF8CD"
"net_rim_media_actions.cod","31124","4657BE77E81CEE7383C44E89FF2E47E0FB140A957AAA638A9E387CF7618E22B2"
"net_rim_media_actions_daemon.cod","2584","C85BF5E41F5045A4ADE1CB7A5FA3B7CE5B00FAFEFCFBDB37FFF7747EFA00353C"
"net_rim_media_api.cod","61488","B19F152E3EA15057BFB6823DDF91251877C5AC58A41EFC05C679D58CE1D9338D"
"net_rim_media_vfs.cod","3320","2490B036090A8C35EBE2FD38093D38C8C4BFA2B19E1757F17A9F30D0A453E243"
"net_rim_messageprocessing_common.cod","7796","7406E7F58162DDC33C66F5726843E2448A2241BF5D989232C78B1E1AB826D4D1"
"net_rim_messageprocessing_gzip_messageprocessor.cod","2656","DBCDC416316BC025C0ECCA0932DF7D20BD2AC7F475413E46C5D6B649491B0852"
"net_rim_messageprocessing_json.cod","2424","E56C0C112AA066A96E9256A842D43884762CA1BC9B907D15EB30CE1A89532D0F"
"net_rim_messageprocessing_json_messageprocessor.cod","2936","4CD0260BB468DDA4DA3D4794325E29F330E9C9E0A2AE69DB0AD554DC99B4D5F5"
"net_rim_messageprocessing_rss.cod","14964","209231EDB3907FA1B8A8E2063F855118FBF4A5E2E909EE4FDFCA61A2589789FF"
"net_rim_messageprocessing_rss_messageprocessor.cod","2572","EE092B9F4573C464FB64E998732B9779C456AED31EA3A3DD31E8122031A0D4AE"
"net_rim_messageprocessing_soap.cod","9692","D56D1CBAA19253A0BD8688D4E52D7C6FD34D00DF37B3B0FB2CA748E0EBD99E76"
"net_rim_messageprocessing_soap_messageprocessor.cod","2520","B8AC0D3CD6D83BD67196436DCF2343C2B00DE922BA7007366D38A72326911A7F"
"net_rim_messageprocessing_xml.cod","4156","CC10909701100E63903AC05436E5CC5F336BC0A25077AA9E537DFBC3B8A33544"
"net_rim_messageprocessing_xml_messageprocessor.cod","3316","F610633F72C6B77A6FD366724789859068472D0C9FC323053E6C2091346C3AC9"
"net_rim_MIDPRootCerts.cod","66962","DD71226459B3FD51DE8B6366A21DD2BE90917E5ED29EEFA631E30F8F4009B4C5"
"net_rim_networkapi.cod","21500","0DAC769E9B682DAAEF07162C6AC9B0EF44797822BA780A065BB444503E71F094"
"net_rim_nfc.cod","250338","2A2BFDEC00382300D3ABDF1FC60BC90155DEB4377FD2870FE39C6E352759A1EF"
"net_rim_nfc_options.cod","4252","99E1C80724268B66F3B719A323EA48B791671EEA22775F232491B9DBEC3EE6A4"
"net_rim_nfc_resource.cod","1876","6D1D00E3DD78A411C67191A80D76DFB28BDB41DF2FE3B3EE28552F57F2EEAF94"
"net_rim_nfc_resource__en.cod","33144","1C699FE6AE02C2915E69ACAC202767610A76358F541ADFB474C7EE4A8486085A"
"net_rim_options_profiles_api.cod","43456","162210F292B986F24A6423AE0DBF1ACECB3F37E4474E3B7E64A226237A90FE40"
"net_rim_os.cod","980042","1D3A161BA0D488E065AFC530D6F0E9E5059BD2050F085DB5E632679786C402B3"
"net_rim_pdap.cod","147078","6700584424FC19D23CD58B2D111A8615B324F4FD72941246DF116DD341CA3EF1"
"net_rim_platform_contenthandler_ui.cod","8176","5CE391F465471CA34F97338B5B67AEA94183E5B1F786FF62825C5FCCDCB1756C"
"net_rim_platform_im_resource.cod","2108","BC2BBB151CACCBBE6AE329F28B98DED7C08D9F6A4662B7F142AC5EE6B60DE70A"
"net_rim_platform_im_resource__en.cod","4476","B0858443E0AE1C62C8421082DD7DA05232A1EE12D2CF9A977B6C69ED21B1BBBB"
"net_rim_platform_im_resource__en_GB.cod","4376","754160C6BD5DCCF22A2D5E10D20D1EF7F1C154CA964F2B4008778D51C853EBAB"
"net_rim_platform_im_resource__en_US.cod","1768","449742DF5EFEFAC1BFA89A1BBB66893E493E26910381EA4A72A680B2C6CA634B"
"net_rim_platform_im_resource__vi.cod","4832","17571232BC445DB2C3191ACCE69116965EEEB0D5064149058AEF64325BA1A875"
"net_rim_platform_resource.cod","12388","78FFD381E74A7FEFF0AD22D4CAC8A3A100C84E2DA974C66607638256008DD21F"
"net_rim_platform_resource__en.cod","29928","D538D076B5EF2607AE6F946AC40ED0310E1F19CBA83271191E962F285AE78913"
"net_rim_platform_resource__en_GB.cod","8456","E5F6A6F0182A440D6D33C24348B93456FE5FCD75FB8DEFA788CBBFB4F52EE3DF"
"net_rim_platform_resource__en_US.cod","2064","2D75EB2032A08503A0540EFC1EBF7AF0DB1FEEE7C9027294B109D6F48606B97F"
"net_rim_platform_resource__vi.cod","33604","88CD78A1B019594E6FFCC471194CEC9913F40DCDE7563E9D4CE26C7F45ED7407"
"net_rim_platform_resource_lib.cod","1420","F5937F07A8E11AA22A2974479618EA7E4E05669D61F8971333A6C2F99E38AB71"
"net_rim_platformapps_resource.cod","22120","554A4F8AF126F9619BF2193CBB73C263D2516755070E0FA32117F1B3C8900410"
"net_rim_platformapps_resource__en.cod","61544","A1DDA2BA970B239D32AC6B004290271466AF0BF68DFAA92949EE07B964D11FC5"
"net_rim_platformapps_resource__en_GB.cod","61340","8F114B908E24F5A6CA35925D9B37EC0FE0BF4991F16FC51A0EDCEECD77B2BEB1"
"net_rim_platformapps_resource__en_US.cod","2316","F105D78754FCAF180566255EC10227B433399A5017C1317308D51C00684F2C78"
"net_rim_platformapps_resource__vi.cod","67550","A554B53100C826E486FFAC41898F1761AB00052CEB48906267EFFB62DDF60351"
"net_rim_platformapps_resource_lib.cod","1764","64A6C7241CB2D9DC071776B05A57D817C843F4AC8FC402134293C406A735AC07"
"net_rim_plazmic_mediaengine.cod","234012","D588BE9F0C5B67ACBC671D7E7D2DD5AA19612E2DC3FDBD89E112F418F38E63AC"
"net_rim_plazmic_pushactivator.cod","28580","1E06CD12AEF3EC7C033573D080ED75761FF96CD115FFCBDA56F73B904336D667"
"net_rim_plazmic_themereader.cod","109290","46301D8023C6F8A4A33CBC62F4117F97B1B7440EA0BE527B8D7ABFC249478B05"
"net_rim_rimsecuridlib.cod","4044","CF8FA4C238ED7A1A478D2CFD69079F2AB1690B3ED400DA387D2953D0E4EFA6CA"
"net_rim_runtime_resource.cod","3188","7BE92B9E4FF0D2A4A841F21EAB8ABBFB8691120A965762794C5BD98504A06CAB"
"net_rim_runtime_resource__en.cod","13020","DBF3F44CB71F67C5C11BDB66D28662AEEB762A2AC112C2BA58D4B946461B5079"
"net_rim_runtime_resource__en_GB.cod","12828","35C91E8F2057E94A532E0F16B91A110838FEDD59BD6BA4125831537998570FB2"
"net_rim_runtime_resource__vi.cod","13764","5C4611B11A91CF740E7191D46D4E953C3494D4BF24CB43B94E137DC15F1CFF3D"
"net_rim_satsa.cod","25880","675CB3CCB9742DA0771BE82B6DCB4541787130C5A51ACC039F0847E8551E25C3"
"net_rim_satsa_acf.cod","16048","8AFE71AA1436F4FBF3A8B3544ADE24182778961EB8915A4D8C3E51A979F13E46"
"net_rim_se13nettable.cod","23508","17313A1853A12238D9BE27D1A0C39BD50AE310D888416134DBCC3579B51B1C0E"
"net_rim_secureemail.cod","181756","0D160F3F4923CF1BDFC9231B90D267CF5DCF01F935EF4C68248E3B601E33CF13"
"net_rim_secureemail_resource.cod","2128","0F58F1E3AA000A327DF212404A323983110F0B36CE74D47E7BA0F543A179E7BE"
"net_rim_secureemail_resource__en.cod","9496","984E58C839E06FDD0AF819E9E333670FB07D15120CE5CADCE7EE042E0F0C91D6"
"net_rim_secureemail_resource__en_GB.cod","9556","42FB4BA1B2B7F51CEEB0427BF024AD026ADA351D9DF3B3A2BECA6E0389C7E62C"
"net_rim_secureemail_resource__vi.cod","10088","D3B52693388B453732DCB012B9D99DA9D824556C5750EE3E2AC86CAF8E555EFF"
"net_rim_secureemail_resource_lib.cod","1560","24E7CC3FC2834780117DD3368B1553B3E2501D45DB1EEDB13C1C2A3FA7E04984"
"net_rim_serialformats.cod","58472","3CC885010468810AE03FA8EF38F880C7641A88B1E7F150AE6DBA692D9E1B05CE"
"net_rim_services_impl.cod","49020","77EA5AD3536A6A731323638918492414FDC46F88F226CA5B4D5DDDE380E092B9"
"net_rim_smartcard.cod","36092","2463F656DBDD0FEA84B632CF8A534CCD65A22769B8BB484535FDFC1C3C9323A7"
"net_rim_smartcard_datakey.cod","17004","8D91CD74A23B43693E8E41D4D067B237A5614B3F1B6418411DAE951B1056883E"
"net_rim_smartcard_gsacac.cod","13496","EDD21FCD00BBEABE361C5B4CC3ABE0D57528C26FCDC9BC1F5E6E0842F0B18746"
"net_rim_smartcard_piv.cod","14960","5EDA26798372CD927EC112D7AC55CC2FA567AFA8A58762471AB1097D9FF56634"
"net_rim_smartcard_piv_lib.cod","9040","2C61A8460A20363141A7CC16B2CEFFA8E8EDD2587B1A8DF3A834F6BF8AA202CA"
"net_rim_smartcard_resource_lib.cod","1552","E2E4C19517C621DDD8EF562ADA3D4DA8114ECE16C315AFF69D257F757A3B52CC"
"net_rim_softtokens_options.cod","9384","834B4D65ADC5479EFCD74515162CCA75EEAC83E2F0CA5A2CA96E2E2F0467D490"
"net_rim_sprint_dss_app.cod","109850","3E5C756ED82DAB66EAA9FC1BF3396070357ADD54C4C4050CD4AAD0EFFE59E153"
"net_rim_sprint_dss_lib.cod","3808","60E50AB442C83E5351E7837F77B0ADDA6A9DC5C1CF3349C00369F592330516AF"
"net_rim_sprint_slateclient_lib.cod","1988","8DC056893889AB83F18A1DB8F876E7ED5A281065BFF3834969F4A5C9EF3A1B93"
"net_rim_sql.cod","32624","1783FD561C8522E73AC2B080E7A99EF8CEBB4E28B232E0A530CCE2EE39E122DA"
"net_rim_srscoordinator.cod","8528","E99E1A66F6C9D964CDBF6191B556ED703E51B97E49D34E8F016056D97D5A84B3"
"net_rim_sync_daemon.cod","2580","8BB9FAFC5D2DC29559E1CD1756650FD331752E4DEF4871BDB9CC529BE25A4130"
"net_rim_tac.cod","44820","2A9BB27C226B1F9CE46CFCDDCCE4664B8BD3F1CCCA8373307DCD55E191815683"
"net_rim_tcp_options.cod","6732","3248964F3F442B9AB35ED7A7CB35E7BB6C020E319F76F83A753675EA9BCAB149"
"net_rim_theme_BlackBerry7_640x480_b.cod","6117622","F5B01BDA3B8F1D44B9CB4996D6083EA4085F220A5A7F1CAF956E7A6EAE338206"
"net_rim_theme_BlackBerry7_640x480_bs1.cod","3974810","6A3FA8711CFD5A97E39E1611A6DC4E0060BE2FDF494FE981E4E6D9107D72406C"
"net_rim_tid.cod","489136","30D0D3BE86BB1FE4C3A39871603259B787888BEA8C92E4DD686AC71F74D94CBB"
"net_rim_tid_AddrBookRep.cod","1740","CFEAF450426142452A84FC10E082FDC84A47AF2A2C82076B01F510A61F1FDA0D"
"net_rim_tid_basicFastEuropean.cod","84212","E8BE84C20E67EA60A457492F4729A251580222A758EC30A78F1100060943DFDD"
"net_rim_tid_core.cod","99882","EC1415161E67EB5434C6C08C75EF1C1E597845E5A1510CF86ECB20999B924D81"
"net_rim_tid_dynamic_ling_data_domain_names.cod","7100","A4BA7B399751F9C92401CE5AB74A03FE606513CC51F911AD5BF5AB953FB9D973"
"net_rim_tid_dynamic_ling_data_english_gb.cod","334970","F7C8E24A3ADE333CBE61D156DA33B370C91F2CA567876898E9AB6F6ED7641D6A"
"net_rim_tid_dynamic_ling_data_english_gb_ltr.cod","30328","D6D8629237BC072373FB1088FD1D8A21C19787FA9D78B5B2472792C5637846E8"
"net_rim_tid_dynamic_ling_data_english_gb_nwp.cod","1456830","D8310F6ADC14DB014C274C3172DCC62CD26A1BEAAAD8143E355E5CFD51327578"
"net_rim_tid_dynamic_ling_data_english_us.cod","369822","CA1C8F84CFB41B8254E1454D4E32907F84CB3224E89BD0263A697D41A553DECB"
"net_rim_tid_dynamic_ling_data_english_us_ltr.cod","28656","FEA9E986FFF373DD32E4C642CCA15C98D25ADDC353FA7830A9AD26A6BA2ECFCD"
"net_rim_tid_dynamic_ling_data_english_us_nwp.cod","1403044","7AB5A598DDEB70C103332A066019E9FA44A9C79A463ACD47A5FDFC5C958860C0"
"net_rim_tid_dynamic_transcoding_data_CP1250.cod","2388","514C6A8D2F34238B3ACF4C14051DE878A20DCF46D69EEBBC403F6F7DA055496F"
"net_rim_tid_dynamic_transcoding_data_CP1251.cod","2296","F31D9D344A64686983F9BA7372BE5A57D90E7A75EA3CA0D534CB63E7F143E62D"
"net_rim_tid_dynamic_transcoding_data_CP1253.cod","2272","BE2609153E20F41D97BE00772FBA8833F8D0B5472B071D2D53C8A3AA7344F179"
"net_rim_tid_dynamic_transcoding_data_CP1254.cod","2348","2A92A4164FDB1A27785296EA0C283226F45D768239C3926BE18793D18561668E"
"net_rim_tid_dynamic_transcoding_data_CP1255.cod","2280","6FFAA140E6D9EB627E5F4CE9DACAF4C874BBB497EFFE600CB496CDEFC2A41BD8"
"net_rim_tid_dynamic_transcoding_data_CP1256.cod","2356","0107B321C208EE3018D880A229E7721DDF6FB23712410A2188E443E8BF8AC6AF"
"net_rim_tid_dynamic_transcoding_data_CP1258.cod","2320","9F3B95A6E9BE9EB5EACC95CE14FF45E353D8577F91378C5EF9C1C114A5ACBAC5"
"net_rim_tid_dynamic_transcoding_data_ISO8859_10.cod","2320","9DAB1A75DEEC503D124FFE3C3975E77BBE8E50CF6A7270D7D65DA48CAF6B3C74"
"net_rim_tid_dynamic_transcoding_data_ISO8859_13.cod","2332","207645030BE32257742BFF96D38CA4803F9D74555B87B72BD6054BF0672CFDE1"
"net_rim_tid_dynamic_transcoding_data_ISO8859_14.cod","2296","457FFF78725575F81501E985A3F2754B32662E7B370C2A77EED3CC17A7724C4B"
"net_rim_tid_dynamic_transcoding_data_ISO8859_15.cod","2252","C0B49B41265A3B4069E5A7051BFBE5609341DA0F3A509A99E662AC1E612B53B9"
"net_rim_tid_dynamic_transcoding_data_ISO8859_16.cod","2336","75B32595F2C8BDD4F596DB7130DCC9F8CD6DF2A65ABA94D478C13729254FCDFF"
"net_rim_tid_dynamic_transcoding_data_ISO8859_2.cod","2328","8670FBF4993D477ACF431C7955D64D26C5589B5D9B2CF7E41185DCA00D1176E5"
"net_rim_tid_dynamic_transcoding_data_ISO8859_3.cod","2296","46676C9F95E146E65833B337765A9CF0389274DB3C0FDC89BB8EC0337BF2E4C3"
"net_rim_tid_dynamic_transcoding_data_ISO8859_4.cod","2336","A2891593023EDE9206893F487A2CF71990FCC535474C027CF5415A090A5F61D7"
"net_rim_tid_dynamic_transcoding_data_ISO8859_5.cod","2252","C9FC01C7FDB707DF8713DCB55798203BABC757B8C5B3BFE8FAE75877E8F34E60"
"net_rim_tid_dynamic_transcoding_data_ISO8859_6.cod","2200","78391EADCD246DD4BB7C9B61F0A4EF9E0D24854478B20736E9172640CD314B41"
"net_rim_tid_dynamic_transcoding_data_ISO8859_7.cod","2264","C50E19E8BF213BE7503EF3BF4E09119BF0E2E4BEC82AB2F4EB731590560178E9"
"net_rim_tid_dynamic_transcoding_data_ISO8859_8.cod","2216","73A5D42499611C0171195B4BD468E10D234B4ECEEB7A09A1E16D90CB8ED23CDF"
"net_rim_tid_dynamic_transcoding_data_KOI8_R.cod","2288","28033E7D7D7506451A8B472103C1DBEC912A890FE83597477FF8FBB7CE46B9F9"
"net_rim_tid_dynamic_transcoding_data_KOI8_U.cod","2320","8D20705BF2370CC0DECBD2D23AB154DFD1AA84298BEFF6E160A485825B47F3DE"
"net_rim_tid_fastEuropean.cod","116054","0B1696F1D270E2E7B8CDE003B737CDBD78FB7B61E6B2B31D3D87221D088407BB"
"net_rim_tid_fullPredictive.cod","14344","D1872E55DEC00792B29EF2F2B6D32CAA2DF600D88A35BEC318634C962F09C082"
"net_rim_tid_im_alph_core.cod","102338","B6F17255CE96196216AD6010E744B68A27D6003CDFDEB21A99B91D3CAFB63DEC"
"net_rim_tid_newWordsExtractor.cod","9448","6E3E2F8C1D22BB4A38426651AE1191E13A0EE1D7BB2E440E0FFC299FB7A3B773"
"net_rim_tid_repositoryBasedEuropean.cod","14508","C5D7206E13A9887C423C1E3A1256D0D2543E6FF4A8FE412030216E4078C4EB2B"
"net_rim_tid_spell_check.cod","136690","E3C5E3B0B86274472B0ED28E083B73B03F787BF88BF287FCEA0D9049A62B333B"
"net_rim_tid_vietnamese.cod","35040","B0251C42D0D6ECDC914EC74F077E91CDDB2FA08C48FA739D651D0D85C9E5740C"
"net_rim_tid_words_injector.cod","4260","E4CF47E4DF04A99F4D693798E39D1CD70E3FC1098DB3DD74F1EA01984628D1B2"
"net_rim_tsm_app.cod","2348","6A4A1942448B4CD949F3669802189DAB0350A12527BD0426E40390FE5D431696"
"net_rim_tsm_lib.cod","299420","1534A4065F3BCF002D99626C9970E0099674E05F0430B2C43F1D4E26AADEDA38"
"net_rim_ui_alpha.cod","132650","EA4045347592F0C25FDED81D5348B5F42051777D375B1A848DA148439E9E4872"
"net_rim_ui_api.cod","146182","3F24CB91DDF97A28A2B2CF36C5D1B5B00E06B0D01967D9532B27343864486BA2"
"net_rim_ui_extension.cod","67972","0962B746AA9499DE57E20618DC3A53269E4B6F4CAA6CC1B50593840224DDE7BA"
"net_rim_ui_impl.cod","41492","9C9A0B6479BA051D229A211B6F2C72BD25E3C1F68F3101F90B2E402E5B799D14"
"net_rim_vad.cod","52316","2E636DFC5F1A80EE9ABF88F5E4192ACA9E7963ECA27C9CB0A3D22DB1EAD7DEC9"
"net_rim_vad_engine_resource__en_GB.cod","688062","2328AF3BC8B78E3DC7446DCB23BF2F737E91570D44C82C4D6DE784D2937516F0"
"net_rim_vad_engine_resource__en_US.cod","670100","C3871E958C3AF26BA730FBF3727D49C95013EFAD22E270845C0F08DB195101C5"
"net_rim_vad_resource.cod","1748","58277CDA22887BAA6CCB74C72D8EB3AD3D34BCACF9FBDC153779703BAA9EB5B6"
"net_rim_vad_resource__en.cod","2560","6586F746F3BACD522C9A6487A6B879D6331576393DA8F3CEB1921DA0CAA9AFF3"
"net_rim_vad_resource__en_GB.cod","2584","599EE3A3018D066A3C426BB8F98DA762FE431852BBA09B8666F9935C48DA949F"
"net_rim_vad_resource__vi.cod","2696","2473E8A81BCA9863EC3DC4B85DB447E7D0E5D1FE0F8B72A68169732752B4DB77"
"net_rim_vpn_options.cod","19700","CB6958D1FE7ACE13AB04B059BC07F53BF92B88729B65097CD878FDE93BD60047"
"net_rim_wap.cod","77300","F8695F8031874A5ACC81B8B62A7DE1C51B1EE51CC90AABE71C37B8238AC05EFF"
"net_rim_wap_provisioning.cod","10120","A75A8A69238EDB268DCC750FD5BE00C65124E83813542E87A6AC9DB7E7B339C3"
"net_rim_wlan_apmode_options.cod","57012","56E4C22B068EB8A655207F7AA4C52AFBE6FE0BBB1058C9140FAD448B0E9BB6A8"
"net_rim_wlan_apps_api.cod","2840","A1347AA9ED6C436093CA12E7AABF526FAAC24E49D0474678264A765EC0EC92DE"
"net_rim_wlan_bb_resource.cod","3080","750A469D9F7FBE23C6F5C85B38EEBC46DE0EF7087E3D3510AB600DED603A59CA"
"net_rim_wlan_bb_resource__en.cod","19612","136573E6956D3B55DB87449D2530F7D31D86D6597B8E1B126ACCF81D24D97C9B"
"net_rim_wlan_bb_resource__en_GB.cod","19676","3AFE711504305D005A92C7D3EA9BF5E330EB6CD9F14F2955056E871758DBC302"
"net_rim_wlan_bb_resource__vi.cod","21776","1590FCF56CE54F7F4FFBE902CD82F1BA9AD89719704F1ABEB1DB380D13A26C41"
"net_rim_wlan_bb_resources.cod","2280","AEB5B3BD8E34F285678CB652128EFE078EEA210D1CC8D80C996931932872E614"
"net_rim_wlan_notifications.cod","12628","407EFF9EBDB239A6561343D3CE8EDAB192743AB8B90048B964A64E9BA8C1611A"
"net_rim_wlan_options.cod","25464","959279185918B054BF909987F6CF5DCEF5646A139A78BB9B05027CB9A6F5A4D4"
"net_rim_wlan_runtime_resource.cod","2284","D57E2FDD9F1CF96C9A6384551742A199C55AF07727F2D6FE7ABC7D142BAA8755"
"net_rim_wlan_runtime_resource__en.cod","7568","D418F0DB111DF89E26879B368411209A51B47796075DDA07AF73228329D9D66F"
"net_rim_wlan_runtime_resource__en_GB.cod","7600","F7F7FBE478E5836B9360167503B70934FAD88163E9CC4D18B679E2EA357418CA"
"net_rim_wlan_runtime_resource__vi.cod","8308","2D2A8898BBC1DDD00846A09AE58A2E6F1BB1974711AA199E32C4F03CFFD10E35"
"net_rim_wlan_runtime_resources.cod","1816","C25F5B5028573D4B04C3F456FDCB7D4A0229D721217CAF0AFF3D4109E9C7ED25"
"net_rim_wlan_wizard.cod","169940","5C34660DEC0915B49E1E9C2241DEDECD73C627A0F41784748987ED803B3F5EAF"
"net_rim_xml.cod","88492","4114BAF1B78FDABA687021DA7C75D48CAF2D541A9B2A175FD1E0A0FC2F063004"
"net_rim_xml_org.cod","44696","97A0A63C17DC77560BC630F37EBE264C7EF2AAD308AD8B5D91531CA4224A3385"
"PDFToGoLib.cod","1189614","0E37128B2DBCB5E3B486A421A0CF20A9F3287C3291DBFF9D9101FEC4348F0F61"
"SecurIDLib.cod","94148","D0B333CF57F6534BDE0884A349240349F4CA4EAE5877A25AFF3C8B2716513948"
"SheetToGo.cod","673674","08C3F1C1B989A633EFD7FB6B07D12F4138FB6098FEA74DE05051D2A215A34D6E"
"SheetToGoResource.cod","1960","3665E4730ED0438F96B185D58B35CF5D4902902473CA9C39D42BDDF5A07D7B4F"
"SheetToGoResource__en.cod","10056","6FD1AF497CAB2D4B9129A8233E9936DD227AE8DA945D2189C16C93E17997CD42"
"SheetToGoResource__en_GB.cod","10052","AC717AB11F7F2BE437D3736D0694E299D321B9E4F25474F26CB36972318F83B1"
"SheetToGoResource__vi.cod","10436","FE64FC3B0EDB8662F30767CEADA6E021E459F340EC24F2B9C4629CD64294FFE6"
"SlideshowToGo.cod","655834","1D4A1EA69BBAF78C70F23B1134DF00AB7E4BDCA1CD600FCEB9AB29EF8F6341C0"
"SlideshowToGoResource.cod","1924","FA2C03947CADD7B7EA4425651FEFB639D79A98768188DD195019AF340E65671D"
"SlideshowToGoResource__en.cod","3104","E62DFFFFD98EAB1FC5689224B26AEEB9E810DFCEC94450FAF63D652AE260BF53"
"SlideshowToGoResource__en_GB.cod","3120","942E7152C135231F7980C31BC405EF4ADF10B02150E67B27C380F0BE0EAF73D2"
"SlideshowToGoResource__vi.cod","3336","3A1083440F5036B2D9FB547F13431234DFAE6E7F0950E03F2A3CEC31FD977E88"
"WordToGo.cod","702162","84413685477F68B7BA9FF7BEA34845962F616EDBEDDB34F3EBD387624A7E243C"
"WordToGoResource.cod","1896","D153E6D48B55C6E3D2DAC35555121F6AD250265AA6FD8B21F8BB409E16360C35"
"WordToGoResource__en.cod","4712","2AEB127DF51970EF83CBDA6EBF3C97C222D5A14322B469BF23FA541760BEA805"
"WordToGoResource__en_GB.cod","4728","65EADD18016D0CE11A3A4CB8ACFC1605AC3DDE6C1FA57840435F185D058EE8BA"
"WordToGoResource__vi.cod","4992","334012182FFDCC06FC5C4482B4BD457143B255108A6BC4D063FFF6448CFCDDDB"
